﻿<icon src="101" pos="5,4"/>
<text class="dlgtitle" pos="25,6">%str1% 漏洞修复</text>
<imgbtn id="60003" class="linkimage" skin="minbtn" pos="-105,0"/>
<imgbtn id="60002" class="linkimage" skin="maxbtn" pos="-73,0"/>
<imgbtn id="60001" class="linkimage" skin="closebtn" pos="-43,0"/>
<!-- 
<link class="linktext5" pos="-238,6" href="http://www.ijinshan.com/safe/help.html?fr=client" crtext="FFFFFF">求助</link>
<link class="linktext5" pos="-194,6" href="http://bbs.ijinshan.com/?fr=client" crtext="FFFFFF">论坛</link>
<link id="207" class="linktext5" pos="-150,6" crtext="FFFFFF">设置</link>
 -->
