﻿<string>
<s id=1>金山隐私保护器</s>
<s id=101>请选择路径：</s>
<s id=102>上网隐私文件</s>
<s id=103>QQ/TM聊天记录</s>
<s id=104>MSN聊天记录</s>
<s id=105>我的文档</s>
<s id=106>程序名称</s>
<s id=107>访问位置</s>
<s id=108>查看时间</s>
<s id=109>行为说明</s>
<s id=110>旺旺聊天记录</s>
<s id=114>正常</s>
<s id=115>可疑</s>
<s id=116>我在用金山隐私保护器，可以查看谁在访问我的隐私文件。</s>
<s id=117>并且可以自己设定隐私文件，你也来下载使用一下吧。</s>
<s id=118>下载地址：http://bbs.duba.net/thread-22314119-1-1.html</s>
<s id=119><![CDATA[共监测到<b>%d</b>项正常，<b><c color=FF0000>%d</c></b>项可疑，<b><c color=FF0000>%d</c></b>项未知。]]></s>
<s id=120>http://bbs.duba.net/forum-6417-1.html</s>
<s id=121>所有视频图片文档</s>
<s id=122>我的摄像头</s>
<s id=123>我的邮件</s>
<s id=125><![CDATA[<b><c color=%s>隐私保护监控已经%s，%s%s</c></b>]]></s>
<s id=126>339900</s>
<s id=127>FF0000</s>
<s id=128>开启</s>
<s id=129>暂停</s>
<s id=130>可最小化窗口让其在后台静默监控！</s>
<s id=131>建议开启后让其最小化在后台静默监控！</s>
<s id=132>已监测：%s</s>
<s id=133>添加您所需要保护的隐私，本工具将实时监控有哪些软件访问过这些隐私，并对可疑操作标红提醒！</s>
<s id=134>添加您所需要监控的软件，本工具将实时监控这些软件对各类文件的访问，并对可疑操作标红提醒！</s>
<s id=135>软件名称</s>
<s id=136>发行商</s>
<s id=137>已经开始监测了！稍后将看到监测结果。建议您一直开着，进行实时监测。</s>
<s id=138>已经停止监测了！</s>
<s id=139>未知</s>
<s id=140>金山隐私保护日志</s>
<s id=141>记录</s>
<s id=142>我要保护的隐私</s>
<s id=143>我要监控的软件</s>
<s id=144>金山隐私保护器已经最小化，点击可重新打开主界面。</s>
<s id=145>定期清理隐私痕迹，可有效避免您的隐私信息泄漏！</s>
<s id=146>%d秒</s>
<s id=147>%d分%d秒</s>
<s id=148>%d小时%d分</s>

<!-- msgbox begin -->
<s id="317">&lt;button id=%d pos="%d,0,%d,-0" class=normalbtn&gt;%s&lt;/button&gt;</s>
<s id="318">确定</s>
<s id="319">取消</s>
<s id="320">放弃</s>
<s id="321">重试</s>
<s id="322">忽略</s>
<s id="323">是</s>
<s id="324">否</s>
<s id="325">继续</s>
<s id="326">&lt;dlg pos="|-%d,0,|%d,-0"&gt;%s&lt;/dlg&gt;</s>
<!-- msgbox end -->

<s id=400>图片保存成功！</s>
<s id=401>图片保存失败！</s>

</string>