﻿<dlg pos="0,0,-0,-0">
	<hr pos="-265,6,-265,-0" crbg="A3BAD2"/>
	<dlg pos="0,0,-265,-0">
		<!--新版本体检title部分-->
		<dlg pos="0,0,-0,104">
			<img pos="0,8,-0,-1" skin="exam_title_bg"/>
			<img id="505" pos="22,30" skin="examstatus48" sub="0"/>
			<!--扫描扫描结果状态-->
			<dlg id="109" pos="0,0,-0,-0">
				<text id="526" pos="86,35" font1="0204" crtext="6d6d6d" class="examtitle">系统状态：</text>
				<text id="524" pos="86,57,-92,71" font1="0204" crtext="6d6d6d"></text>
				<button id="530" pos="-112,45,-30,75" class="normalbtn">重新体检</button>
			</dlg>
			<!--启动页面初始化状态-->
			<dlg id="504" pos="0,0,-0,-0">
				<text id="507" pos="86,35" font1="0204" crtext="6d6d6d" class="examtitle">上次体检时间</text>
				<text id="517" pos="86,57,-92,71" font1="0204" crtext="6d6d6d"></text>
			</dlg>
			<!--体检过程-->
			<dlg id="108" pos="0,0,-0,80" >
				<img id="105" pos="22,32" skin="examanipng48" sub="0"/>
				<text id="580" pos="78,35">正在进行电脑体检，请稍候...</text>
				<progress id="112" pos="75,55,-130,55" min="0" max="100" value="0" showpercent="1" bgskin="progressbg" posskin="progresspos"/>
				<button id="138" pos="-112,45,-30,75" class="normalbtn">取消</button>
			</dlg>
		</dlg>
		<!--整个体检模块界面UI-->
		<dlg pos="0,100,-0,-6" class1="panel" crbg="FFFFFF">
			<img pos="0,0,-0,21" skin="exam_bg"/>
			<!--左下功能调用-->
			<dlg pos="0,0,-0,-0" class1="client" crbg1="FBFCFD">
				<realwnd id="501" pos="3,10,-1,-33" ctrlid="501" crbg1="FBFCFD"/>
				<!--等待体检界面-->
				<dlg id="509" pos="0,0,-0,-30" show="0">
					<text pos="15,15" crtext="6d6d6d">金山卫士电脑体检将快速扫描您的电脑安全状态，发现系统存在的木马、漏洞、恶意插件等</text>
					<text pos="15,35" crtext="6d6d6d">问题和其他安全隐患，以解决这些问题或给出系统优化建议。建议每天体检一次。</text>
					<imgbtn id="508" class="linkimage" skin="examstart" pos="|-88,|-40"/>
				</dlg>
				<!--修改体检设置-->
				<dlg pos="0,-32,-20,-0">
					<hr pos="10,-31,-10,-31" crbg="CCCCCC" style="dot"/>
					<dlg id="518" pos="0,-30,-0,-0" class1="client">
						<text id="511" pos="10,10" crtext="6d6d6d">当前设置为：手动体检</text>
						<text id="520" pos="-165,10,-10,25" class="linktextright"> 改为每天体检一次</text>
					</dlg>
					<dlg id="519" pos="0,-30,-0,-0" class1="client">
						<text id="502" pos="10,10" crtext="6d6d6d">当前设置为：每次打开%str1%主界面时，自动体检</text>
						<text id="503" pos="-165,10,-10,25" class="linktextright">改为手动体检</text>
					</dlg>
				</dlg>
			</dlg>
		</dlg>
	</dlg>
	
	<dlg pos="-264,0,-0,-0" crtext="000000">
		<!--推荐-->
		<dlg pos="0,10,-0,260">
			<img pos="5,5" skin="iconflash"/>
			<text pos="25,7" class="boldtext">最新功能</text>
			<dlg pos="10,17,-0,-0" crtext="6d6d6d">
				<dlg id="562" pos="0,10,-10,57" class="btnexamright" onlydrawchild="1" crbg="FF0000">
					<img pos="15,7" skin="righttopicon" sub="1"/>
					<text pos="52,9" crtext1="3064A5" font1="0204">浏览器修复</text>
					<text pos="52,26" crtext1="777777">浏览器主页被篡改，一键修复</text>
				</dlg>
				<dlg id="564" pos="0,57,-10,104" class="btnexamright" onlydrawchild="1" crbg1="FF0000">
					<img pos="15,7" skin="righttopicon" sub="2"/>
					<text pos="52,9" crtext1="3064A5" font1="0204">痕迹清理</text>
					<text pos="52,26" crtext1="777777">清理使用痕迹，保护您的隐私</text>
				</dlg>
				<dlg id="572" pos="0,104,-10,151" class="btnexamright" onlydrawchild="1" crbg1="FF0000">
					<img pos="15,7" skin="righttopicon" sub="3"/>
					<text pos="52,9" crtext1="3064A5" font1="0204">开机加速</text>
					<text pos="52,26" crtext1="777777">优化启动项目，加快开机速度</text>
				</dlg>
				<dlg id="573" pos="0,151,-10,198" class="btnexamright" onlydrawchild="1" crbg1="FF0000">
					<img pos="15,7" skin="righttopicon" sub="0"/>
					<text id="581" pos="52,9" crtext1="3064A5" font1="0204">免费杀毒</text>
					<text id="582" pos="52,26" crtext1="777777">金山毒霸一年免费使用，超值</text>
				</dlg>
				<dlg id="570" pos="0,198,-10,245" class="btnexamright" onlydrawchild="1" crbg="FF0000">
					<img pos="15,7" skin="righttopicon" sub="4"/>
					<text pos="52,9" crtext1="3064A5" font1="0204">隐私保护器</text>
					<text pos="52,26" crtext1="777777">谁在偷窥隐私，用它一目了然</text>
				</dlg>

			</dlg>
		</dlg>
		<!--网页-->
		<dlg pos="11,272,-10,-12" show="1">
			<realwnd id="114" pos="0,0,-0,-0" ctrlid="114"/>
		</dlg>
	</dlg>
</dlg>