﻿<listitem height="55">
  <dlg id="1" pos="0,0,-0,-0" crbg="FFFFFF">
    <dlg pos="0,0,-310,-0">
      <memimage id="2"  pos="10,12,42,44" class="linkimage"/>
      <text id="3" pos="50,12,-125,27" class="linktextsoftmgr"></text>
      <img id="35" pos="0,10" skin="green_soft"/>
      <img id="36" pos="15,10" skin="charge_soft"/>
      <img id="37" pos="30,10" skin="plugin_soft"/>
      <text id="4" pos="50,32,-0,47" class="linktextsoftmgrdesc"></text>
    </dlg>
    <dlg id="11"  pos="-285,0,-0,-0">
      <text id="5" pos="0,22" />
      
      <dlg pos="87,9,162,42">
        <img id="15"  pos="0,0,14,33" class="mark"/>
        <img id="16"  pos="15,0,29,33" class="mark"/>
        <img id="17"  pos="30,0,44,33" class="mark"/>
        <img id="18"  pos="45,0,59,33" class="mark"/>
        <img id="19"  pos="60,0,74,33" class="mark"/>
      </dlg>
      <text id="33" pos="90,33" crtext="3163A6" class="mark"></text>
      <imgbtn skin="btndetailundown" id="10" pos="205,15,270,40" class="btndetailundown" />
      <imgbtn skin="btndetailupdate" id="12" pos="205,15,270,40" class="btndetailupdate" />
      <imgbtn skin="btndetailsetup" id="14" pos="205,15,270,40" class="btndetailsetup" />
    </dlg>
    <dlg id="20" pos="-285,0,-0,-0">
      <progress id="21" pos="0,22,100,32" min="0" max="100" value="0" bgskin="progresssoftmgrbg" posskin="progresssoftmgrpos"/>
      <text id="22" pos="115,22" />

      <dlg pos="140,0,-0,-0" id="28">
        <text id="23" pos="2,22" />
        <button id="24" pos="95,20,108,33" class="softmgr_pause_btn" />
        <button id="25" pos="95,20,108,33" class="softmgr_continue_btn" />
        <button id="26" pos="111,20,124,33" class="softmgr_cancel_btn" />

        <text id="31" pos="60,22" class="linktext">重试</text>
        <text id="32" pos="90,22" class="linktext">反馈</text>

      </dlg>
      <dlg pos="160,0,-0,-0" id="29">
        <imgbtn skin="btndetaildown"  id="27" pos="45,15,110,40" class="btndetaildown" />
        <text id="30" pos="48,22" ></text>
      </dlg>
    </dlg>
    <hr pos="0,-1,-0,-1" crbg="DEE6E8"/>
  </dlg>
  <dlg id="100" pos="0,0,-0,-0" crbg="dceeff">
    <img pos="18,8" skin="softnecesspoint"/>
    <text id="101" crtext="3165A0" font="0004" pos="34,6" />
    <hr pos="0,-1,-0,-1" crbg="dceeff"/>
  </dlg>
</listitem>
