﻿<string>
<s id=0>宋体</s>
<s id=1>金山卫士</s>
<s id=2>%d分</s>
<s id=3>木马名称</s>
<s id=4>文件名</s>
<s id=5>状态</s>
<s id=6>危险</s>
<s id=7>系统状态：危险</s>
<s id=8>有风险</s>
<s id=9>系统状态：有风险</s>
<s id=10>安全</s>
<s id=11>系统状态：安全</s>
<s id=12>%d 个</s>
<s id=13>%d 个</s>
<s id=14>%d 分 %d 秒</s>
<s id=15>有风险</s>
<s id=16>系统状态：未知</s>
<s id=17>&lt;button id=%d pos="%d,0,%d,-0" class=normalbtn&gt;%s&lt;/button&gt;</s>
<s id=18>确定</s>
<s id=19>取消</s>
<s id=20>放弃</s>
<s id=21>重试</s>
<s id=22>忽略</s>
<s id=23>是</s>
<s id=24>否</s>
<s id=25>继续</s>
<s id=26>&lt;dlg pos="|-%d,0,|%d,-0"&gt;%s&lt;/dlg&gt;</s>
<s id=27>在您的系统中发现了%d个威胁，请立即清除</s>
<s id=28>未清除</s>
<s id=29>删除成功</s>
<s id=30>修复成功</s>
<s id=31>删除失败</s>
<s id=32>修复失败</s>
<s id=33>需要重启删除</s>
<s id=34>需要重启修复</s>
<s id=35>需要清除</s>
<s id=36>不能清除</s>
<s id=37>安全</s>
<s id=38>扫描失败</s>
<s id=39>在您的系统中发现了%d个威胁，已被清除</s>
<s id=40>在您的系统中发现了%d个威胁，需要重启清除</s>
<s id=41>还有%d个威胁未处理</s>
<s id=42>%s正在扫描%s：</s>
<s id=43>已开启</s>
<s id=44>已关闭</s>
<s id=45>%d&lt;b&gt;&lt;/b&gt;秒前</s>
<s id=46>%d&lt;b&gt;&lt;/b&gt;分钟前</s>
<s id=47>%d&lt;b&gt;&lt;/b&gt;小时前</s>
<s id=48>%d&lt;b&gt;&lt;/b&gt;天前</s>
<s id=49>上次清除并修复&lt;b&gt;&lt;c color=EC3535&gt;%d&lt;/c&gt;&lt;/b&gt;处威胁</s>
<s id=50>共有 %d 个文件被隔离</s>
<s id=51>共分析未知文件：&lt;b/&gt;%d&lt;b/&gt;个</s>
<s id=52>发现&lt;b/&gt;%d&lt;b/&gt;个未知文件，建议您立即上报到云安全中心，&lt;br/&gt;5分钟快速判断文件是否安全。&lt;a id=%d&gt;查看详细信息&lt;/a&gt;</s>
<s id=53></s>
<s id=54>上次扫描是在%d月%d日，建议您做一次快速扫描</s>
<s id=55></s>
<s id=56>您没有开启自动体检功能</s>
<s id=57>立即扫描</s>
<s id=58>自动清除</s>
<s id=59>提示用户处理</s>
<s id=60>重新体检</s>
<s id=61>已拦截 %d 次</s>
<s id=62>在您的系统中发现了%d个威胁，还有%d个未处理</s>
<s id=63>您已取消体检。暂未发现问题</s>
<s id=64>未发现威胁，您的系统非常安全</s>
<s id=65>体检已取消。已检测的项目暂时没有发现问题</s>
<s id=66>发现问题，系统有安全隐患，建议立即解决</s>
<s id=67>没有发现问题。建议定期查杀木马，确保系统安全</s>
<s id=68>发现问题，系统有安全隐患，建议立即解决</s>
<s id=69>发现问题，系统有严重危险，需要立即解决</s>
<s id=70>建议立即体检，确保系统安全</s>
<s id=71>您使用的是 64 位系统，暂不能使用进程防护功能</s>
<s id=72>漏洞防护</s>
<s id=73>关键位置防护</s>
<s id=74>进程防护</s>
<s id=75>U 盘防护</s>
<s id=76></s>
<s id=77></s>
<s id=78>金山网盾安全网页防护</s>
<s id=79>
<![CDATA[关闭“%s”，会降低实时保护效果，给系统安全带来风险。

确定要关闭吗？]]>
</s>
<s id=80>已有 %d 条默认操作（信任/阻止）记录。与记录相同行为会按照默认操作执行，不再弹出拦截窗</s>
<s id=81><![CDATA[<text pos="0,10">已经加入云安全计划</text><text pos="0,40" class="linktext" href="http://www.ijinshan.com">了解更多云安全计划的信息</text>]]></s>
<s id=82>禁止自启动</s>
<s id=83>禁止自启动</s>
<s id=84>已锁定</s>
<s id=85>未锁定</s>
<s id=86>锁定</s>
<s id=87>解锁</s>
<s id=88>开启</s>
<s id=89>关闭</s>
<s id=90>已开启</s>
<s id=91>已关闭</s>
<s id=92>确定要清除所有拦截日志？</s>
<s id=93>%s正在深度扫描%s：</s>
<s id=94>请选择要删除的记录</s>
<s id=95>上次扫描没有修复威胁</s>
<s id=96>您还没有进行过扫描</s>
	
<s id=500>漏洞修复</s>
<s id=501>
<![CDATA[%s当前指定的目录不存在，是否创建此目录？]]>
</s>
<s id=502>%s当前指定的目录不存在，是否创建该目录？</s>
<s id=503>%s创建目录失败，请重新指定!</s>
<s id=504>漏洞下载</s>
<s id=505>
<![CDATA[%s目录无效(需要是已经存在的本地目录全路径, 或者网络路径)
是否重新选择目录？]]>
</s>
<s id=506>正在修复, 不能修改目录</s>
<s id=507><![CDATA[
路径"%s"不存在 !]]></s>
<s id=508>打开目录出错</s>
<s id=509>你确认要删除"%s"下所有补丁文件吗?</s>
<s id=510>确认删除</s>
<s id=511>目录不存在</s>

<s id=1000>IP</s>
<s id=1001>域名</s>
<s id=1002>操作</s>
<s id=1003><![CDATA[<URL>取消共享</URL>]]></s>
<s id=1004>没有选择需要忽略的Hosts文件项目</s>
<s id=1005>确定删除HOSTS项目：%s %s</s>
<s id=1006>共享名称</s>
<s id=1007>共享路径</s>
<s id=1008>操作</s>
<s id=1009>没有选择需要取消共享的资源</s>
<s id=1010>确定不共享选中项？</s>
<s id=1011>没有选择需要忽略的共享资源</s>
<s id=1012><![CDATA[<EX>                正在检测...</EX>]]></s>
<s id=1013><![CDATA[<EX>检测是否有木马程序</EX>]]></s>
<s id=1014><![CDATA[<EX>检测是否有系统漏洞</EX>]]></s>
<s id=1015><![CDATA[<EX>检测是否有恶意插件</EX>]]></s>
<s id=1016><![CDATA[<EX>检测是否金山卫士是官方版本</EX>]]></s>
<s id=1017><![CDATA[<EX>检测是否已开启金山卫士全部保护</EX>]]></s>
<s id=1018><![CDATA[<EX>检测浏览器主页是否被恶意篡改指向异常网址</EX>]]></s>
<s id=1019><![CDATA[<EX>检测是否存在流氓软件推广的异常桌面图标</EX>]]></s>
<s id=1020><![CDATA[<EX>浏览器快捷方式是否被恶意篡改</EX>]]></s>
<s id=1021><![CDATA[<EX>检测常用桌面图标是否被恶意篡改</EX>]]></s>
<s id=1022><![CDATA[<EX>检测Internet选项和IE浏览器功能是否存在异常</EX>]]></s>
<s id=1023><![CDATA[<EX>检测浏览器默认搜索引擎是否存在异常</EX>]]></s>
<s id=1024><![CDATA[<EX>检测非IE的其他浏览器的快捷方式是否被恶意篡改</EX>]]></s>
<s id=1025><![CDATA[<EX>检测收藏夹是否存在恶意推广的网址</EX>]]></s>
<s id=1026><![CDATA[<EX>检测http协议及网页文件关联是否正常</EX>]]></s>
<s id=1027><![CDATA[<EX>检测是否组策略被禁用</EX>]]></s>
<s id=1028><![CDATA[<EX>检测是否 Guest 账户被禁用</EX>]]></s>
<s id=1029><![CDATA[<EX>检测是否允许查看隐藏文件/文件夹</EX>]]></s>
<s id=1030><![CDATA[<EX>检测是否有系统共享资源</EX>]]></s>
<s id=1031><![CDATA[<EX>检测是否禁止远程桌面连到本机</EX>]]></s>
<s id=1032><![CDATA[<EX>检测是否有木马程序</EX>]]></s>
<s id=1033><![CDATA[<EX>检测是否有系统漏洞</EX>]]></s>
<s id=1034><![CDATA[<EX>检测是否有恶意插件</EX>]]></s>
<s id=1035><![CDATA[<EX>检测是否金山卫士是官方版本</EX>]]></s>
<s id=1036><![CDATA[<EX>检测是否已连接云安全服务器</EX>]]></s>
<s id=1037><![CDATA[<EX>检测是否已开启金山卫士全部保护</EX>]]></s>
<s id=1038><![CDATA[<EX>检测是否近期有查杀木马</EX>]]></s>
<s id=1039><![CDATA[<EX>检测是否 IE 首页是恶意网站</EX>]]></s>
<s id=1040><![CDATA[<EX>检测是否 IE 快捷方式被篡改</EX>]]></s>
<s id=1041><![CDATA[<EX>检测是否 IE 右键菜单有危险项</EX>]]></s>
<s id=1042><![CDATA[<EX>检测是否 IE 工具栏图标有危险项</EX>]]></s>
<s id=1043><![CDATA[<EX>检测是否 IE 工具栏有危险项</EX>]]></s>
<s id=1044><![CDATA[<EX>检测是否 IE 默认搜索引擎有危险项</EX>]]></s>
<s id=1045><![CDATA[<EX>检测是否 IE 自定义搜索引擎有危险项</EX>]]></s>
<s id=1046><![CDATA[<EX>检测是否 IE 搜索页有危险项</EX>]]></s>
<s id=1047><![CDATA[<EX>检测是否 Hosts 文件有危险项</EX>]]></s>
<s id=1048><![CDATA[<EX>检测是否 Internet 受信任站点有危险项</EX>]]></s>
<s id=1049><![CDATA[<EX>检测是否 Internet 选项状态正常</EX>]]></s>	
<s id=1050><![CDATA[<EX>检测是否 HTML 文件关联正常</EX>]]></s>
<s id=1051><![CDATA[<EX>检测是否系统默认协议关联正常</EX>]]></s>
<s id=1052><![CDATA[<EX>检测是否代理服务器设置正常</EX>]]></s>
<s id=1053><![CDATA[<EX>检测是否用户被禁止修改浏览器首页</EX>]]></s>
<s id=1054><![CDATA[<EX>检测是否注册表编辑器被禁用</EX>]]></s>
<s id=1055><![CDATA[<EX>检测是否组策略被禁用</EX>]]></s>
<s id=1056><![CDATA[<EX>检测是否 Guest 账户被禁用</EX>]]></s>
<s id=1057><![CDATA[<EX>检测是否允许查看隐藏文件(夹)</EX>]]></s>
<s id=1058><![CDATA[<EX>检测是否有系统共享资源</EX>]]></s>
<s id=1059><![CDATA[<EX>检测是否禁止远程桌面连到本机</EX>]]></s>
<s id=1060><![CDATA[<EX>              没有威胁[安全]</EX>]]></s>
<s id=1061><![CDATA[<EX>              没有威胁[安全]</EX>]]></s>
<s id=1062><![CDATA[<EX>              没有威胁[安全]</EX>]]></s>
<s id=1063><![CDATA[<EX>            是官方版本[安全]</EX>]]></s>
<s id=1064><![CDATA[<EX>          已连接服务器[安全]</EX>]]></s>
<s id=1065><![CDATA[<EX>            已开启保护[安全]</EX>]]></s>
<s id=1066><![CDATA[<EX>              已有查杀[安全]</EX>]]></s>
<s id=1067><![CDATA[<EX>              没有威胁[安全]</EX>]]></s>
<s id=1068><![CDATA[<EX>            没有被篡改[安全]</EX>]]></s>
<s id=1069><![CDATA[<EX>              没有威胁[安全]</EX>]]></s>
<s id=1070><![CDATA[<EX>              没有威胁[安全]</EX>]]></s>
<s id=1071><![CDATA[<EX>              没有威胁[安全]</EX>]]></s>
<s id=1072><![CDATA[<EX>              没有威胁[安全]</EX>]]></s>
<s id=1073><![CDATA[<EX>              没有威胁[安全]</EX>]]></s>
<s id=1074><![CDATA[<EX>              没有威胁[安全]</EX>]]></s>
<s id=1075><![CDATA[<EX>              没有威胁[安全]</EX>]]></s>
<s id=1076><![CDATA[<EX>              没有威胁[安全]</EX>]]></s>
<s id=1077><![CDATA[<EX>                  正常[安全]</EX>]]></s>
<s id=1078><![CDATA[<EX>                  正常[安全]</EX>]]></s>
<s id=1079><![CDATA[<EX>                  正常[安全]</EX>]]></s>
<s id=1080><![CDATA[<EX>                  正常[安全]</EX>]]></s>
<s id=1081><![CDATA[<EX>            没有被禁止[安全]</EX>]]></s>
<s id=1082><![CDATA[<EX>            没有被禁用[安全]</EX>]]></s>
<s id=1083><![CDATA[<EX>            没有被禁用[安全]</EX>]]></s>
<s id=1084><![CDATA[<EX>              已被禁用[安全]</EX>]]></s>
<s id=1085><![CDATA[<EX>              允许查看[安全]</EX>]]></s>
<s id=1086><![CDATA[<EX>              没有共享[安全]</EX>]]></s>
<s id=1087><![CDATA[<EX>                已禁止[安全]</EX>]]></s>
<s id=1088><![CDATA[<EX>              发现威胁[危险]</EX>]]></s>
<s id=1089><![CDATA[<EX>              发现威胁[危险]</EX>]]></s>
<s id=1090><![CDATA[<EX>              发现威胁[危险]</EX>]]></s>
<s id=1091><![CDATA[<EX>          非官方版本[有风险]</EX>]]></s>
<s id=1092><![CDATA[<EX>        未连接服务器[有风险]</EX>]]></s>
<s id=1093><![CDATA[<EX>          未开启保护[有风险]</EX>]]></s>
<s id=1094><![CDATA[<EX>            没有查杀[有风险]</EX>]]></s>
<s id=1095><![CDATA[<EX>          是恶意网站[有风险]</EX>]]></s>
<s id=1096><![CDATA[<EX>            已被篡改[有风险]</EX>]]></s>
<s id=1097><![CDATA[<EX>            发现威胁[有风险]</EX>]]></s>
<s id=1098><![CDATA[<EX>            发现威胁[有风险]</EX>]]></s>
<s id=1099><![CDATA[<EX>            发现威胁[有风险]</EX>]]></s>
<s id=1100><![CDATA[<EX>            发现威胁[有风险]</EX>]]></s>
<s id=1101><![CDATA[<EX>            发现威胁[有风险]</EX>]]></s>
<s id=1102><![CDATA[<EX>            发现威胁[有风险]</EX>]]></s>
<s id=1103><![CDATA[<EX>            发现威胁[有风险]</EX>]]></s>
<s id=1104><![CDATA[<EX>            发现威胁[有风险]</EX>]]></s>
<s id=1105><![CDATA[<EX>            发现异常[有风险]</EX>]]></s>
<s id=1106><![CDATA[<EX>            发现异常[有风险]</EX>]]></s>
<s id=1107><![CDATA[<EX>            发现异常[有风险]</EX>]]></s>
<s id=1108><![CDATA[<EX>            发现异常[有风险]</EX>]]></s>
<s id=1109><![CDATA[<EX>            已被禁止[有风险]</EX>]]></s>
<s id=1110><![CDATA[<EX>            已被禁用[有风险]</EX>]]></s>
<s id=1111><![CDATA[<EX>            发现威胁[有风险]</EX>]]></s>
<s id=1112><![CDATA[<EX>          没有被禁用[有风险]</EX>]]></s>
<s id=1113><![CDATA[<EX>            禁止查看[有风险]</EX>]]></s>
<s id=1114><![CDATA[<EX>              有共享[有风险]</EX>]]></s>
<s id=1115><![CDATA[<EX>            没有禁止[有风险]</EX>]]></s>
<s id=1116><![CDATA[<EX>            已取消检测[未知]</EX>]]></s>
<s id=1117><![CDATA[<EX>发现木马程序</EX>]]></s>
<s id=1118><![CDATA[<EX>发现系统漏洞</EX>]]></s>
<s id=1119><![CDATA[<EX>发现恶意插件</EX>]]></s>
<s id=1120><![CDATA[<EX>金山卫士不是官方版本</EX>]]></s>
<s id=1121><![CDATA[<EX>未连接云安全服务器</EX>]]></s>
<s id=1122><![CDATA[<EX>实时保护未全部开启</EX>]]></s>
<s id=1123><![CDATA[<EX>近期没有查杀木马</EX>]]></s>
<s id=1124><![CDATA[<EX>IE 首页是恶意网站</EX>]]></s>
<s id=1125><![CDATA[<EX>IE 快捷方式被篡改</EX>]]></s>
<s id=1126><![CDATA[<EX>IE 右键菜单有危险项</EX>]]></s>
<s id=1127><![CDATA[<EX>IE 工具栏图标有危险项</EX>]]></s>
<s id=1128><![CDATA[<EX>IE 工具栏有危险项</EX>]]></s>
<s id=1129><![CDATA[<EX>IE 默认搜索引擎有危险项</EX>]]></s>
<s id=1130><![CDATA[<EX>IE 自定义搜索引擎有危险项</EX>]]></s>
<s id=1131><![CDATA[<EX>IE 搜索页有危险项</EX>]]></s>
<s id=1132><![CDATA[<EX>Hosts 文件有危险项</EX>]]></s>
<s id=1133><![CDATA[<EX>Internet 受信任站点有危险项</EX>]]></s>
<s id=1134><![CDATA[<EX>Internet 选项状态异常</EX>]]></s>
<s id=1135><![CDATA[<EX>HTML 文件关联异常</EX>]]></s>
<s id=1136><![CDATA[<EX>系统默认协议关联异常</EX>]]></s>
<s id=1137><![CDATA[<EX>代理服务器设置异常</EX>]]></s>
<s id=1138><![CDATA[<EX>用户被禁止修改浏览器首页</EX>]]></s>
<s id=1139><![CDATA[<EX>注册表编辑器被禁用</EX>]]></s>
<s id=1140><![CDATA[<EX>组策略被禁用</EX>]]></s>
<s id=1141><![CDATA[<EX>Guest 账户没有被禁用</EX>]]></s>
<s id=1142><![CDATA[<EX>已禁止查看隐藏文件(夹)</EX>]]></s>
<s id=1143><![CDATA[<EX>有系统共享资源</EX>]]></s>
<s id=1144><![CDATA[<EX>没有禁止远程桌面连到本机</EX>]]></s>
<s id=1145><![CDATA[<EX>              没有威胁[安全]</EX>]]></s>
<s id=1146><![CDATA[<EX>              没有威胁[安全]</EX>]]></s>
<s id=1147><![CDATA[<EX>              没有威胁[安全]</EX>]]></s>
<s id=1148><![CDATA[<EX>            是官方版本[安全]</EX>]]></s>
<s id=1149><![CDATA[<EX>          已连接服务器[安全]</EX>]]></s>
<s id=1150><![CDATA[<EX>            已开启保护[安全]</EX>]]></s>
<s id=1151><![CDATA[<EX>              已有查杀[安全]</EX>]]></s>
<s id=1152><![CDATA[<EX>              没有威胁[安全]</EX>]]></s>
<s id=1153><![CDATA[<EX>            没有被篡改[安全]</EX>]]></s>
<s id=1154><![CDATA[<EX>              没有威胁[安全]</EX>]]></s>
<s id=1155><![CDATA[<EX>              没有威胁[安全]</EX>]]></s>
<s id=1156><![CDATA[<EX>              没有威胁[安全]</EX>]]></s>
<s id=1157><![CDATA[<EX>              没有威胁[安全]</EX>]]></s>
<s id=1158><![CDATA[<EX>              没有威胁[安全]</EX>]]></s>
<s id=1159><![CDATA[<EX>              没有威胁[安全]</EX>]]></s>
<s id=1160><![CDATA[<EX>              没有威胁[安全]</EX>]]></s>
<s id=1161><![CDATA[<EX>              没有威胁[安全]</EX>]]></s>
<s id=1162><![CDATA[<EX>                  正常[安全]</EX>]]></s>
<s id=1163><![CDATA[<EX>                  正常[安全]</EX>]]></s>
<s id=1164><![CDATA[<EX>                  正常[安全]</EX>]]></s>
<s id=1165><![CDATA[<EX>                  正常[安全]</EX>]]></s>
<s id=1166><![CDATA[<EX>            没有被禁止[安全]</EX>]]></s>
<s id=1167><![CDATA[<EX>            没有被禁用[安全]</EX>]]></s>
<s id=1168><![CDATA[<EX>            没有被禁用[安全]</EX>]]></s>
<s id=1169><![CDATA[<EX>              已被禁用[安全]</EX>]]></s>
<s id=1170><![CDATA[<EX>              允许查看[安全]</EX>]]></s>
<s id=1171><![CDATA[<EX>              没有共享[安全]</EX>]]></s>
<s id=1172><![CDATA[<EX>                已禁止[安全]</EX>]]></s>
<s id=1173><![CDATA[                    <URL>立即清除</URL>]]></s>
<s id=1174><![CDATA[                    <URL>立即修复</URL>]]></s>
<s id=1175><![CDATA[                    <URL>立即清理</URL>]]></s>
<s id=1176><![CDATA[                  <URL>查看并修复</URL>]]></s>
<s id=1177><![CDATA[                    <URL>立即解决</URL>]]></s>
<s id=1178><![CDATA[                    <URL>立即开启</URL>]]></s>
<s id=1179><![CDATA[                    <URL>立即查杀</URL>]]></s>
<s id=1180><![CDATA[                    <URL>立即修复</URL>]]></s>
<s id=1181><![CDATA[                    <URL>立即修复</URL>]]></s>
<s id=1182><![CDATA[                    <URL>立即修复</URL>]]></s>
<s id=1183><![CDATA[                    <URL>立即修复</URL>]]></s>
<s id=1184><![CDATA[                    <URL>立即修复</URL>]]></s>
<s id=1185><![CDATA[                    <URL>立即修复</URL>]]></s>
<s id=1186><![CDATA[                    <URL>立即修复</URL>]]></s>
<s id=1187><![CDATA[                    <URL>立即修复</URL>]]></s>
<s id=1188><![CDATA[                  <URL>查看并修复</URL>]]></s>
<s id=1189><![CDATA[                    <URL>立即修复</URL>]]></s>
<s id=1190><![CDATA[                    <URL>立即修复</URL>]]></s>
<s id=1191><![CDATA[                    <URL>立即修复</URL>]]></s>
<s id=1192><![CDATA[                    <URL>立即修复</URL>]]></s>
<s id=1193><![CDATA[                    <URL>立即修复</URL>]]></s>
<s id=1194><![CDATA[                    <URL>立即修复</URL>]]></s>
<s id=1195><![CDATA[                    <URL>立即修复</URL>]]></s>
<s id=1196><![CDATA[                    <URL>立即修复</URL>]]></s>
<s id=1197><![CDATA[                  <URL>查看并修复</URL>]]></s>
<s id=1198><![CDATA[                    <URL>立即修复</URL>]]></s>
<s id=1199><![CDATA[                  <URL>查看并修复</URL>]]></s>
<s id=1200><![CDATA[                  <URL>查看并修复</URL>]]></s>
<s id=1201><![CDATA[                    <URL>立即清除</URL>]]></s>
<s id=1202><![CDATA[                    <URL>立即修复</URL>]]></s>
<s id=1203><![CDATA[                    <URL>立即清理</URL>]]></s>
<s id=1204><![CDATA[                    <URL>立即解决</URL>]]></s>
<s id=1205><![CDATA[                    <URL>立即解决</URL>]]></s>
<s id=1206><![CDATA[                    <URL>立即开启</URL>]]></s>
<s id=1207><![CDATA[                    <URL>立即查杀</URL>]]></s>
<s id=1208><![CDATA[                    <URL>立即修复</URL>]]></s>
<s id=1209><![CDATA[                    <URL>立即修复</URL>]]></s>
<s id=1210><![CDATA[                    <URL>立即修复</URL>]]></s>
<s id=1211><![CDATA[                    <URL>立即修复</URL>]]></s>
<s id=1212><![CDATA[                    <URL>立即修复</URL>]]></s>
<s id=1213><![CDATA[                    <URL>立即修复</URL>]]></s>
<s id=1214><![CDATA[                    <URL>立即修复</URL>]]></s>
<s id=1215><![CDATA[                    <URL>立即修复</URL>]]></s>
<s id=1216><![CDATA[                  <URL>查看并修复</URL>]]></s>
<s id=1217><![CDATA[                    <URL>立即修复</URL>]]></s>
<s id=1218><![CDATA[                    <URL>立即修复</URL>]]></s>
<s id=1219><![CDATA[                    <URL>立即修复</URL>]]></s>
<s id=1220><![CDATA[                    <URL>立即修复</URL>]]></s>
<s id=1221><![CDATA[                    <URL>立即修复</URL>]]></s>
<s id=1222><![CDATA[                    <URL>立即修复</URL>]]></s>
<s id=1223><![CDATA[                    <URL>立即修复</URL>]]></s>
<s id=1224><![CDATA[                    <URL>立即修复</URL>]]></s>
<s id=1225><![CDATA[                    <URL>立即修复</URL>]]></s>
<s id=1226><![CDATA[                    <URL>立即修复</URL>]]></s>
<s id=1227><![CDATA[                  <URL>查看并修复</URL>]]></s>
<s id=1228><![CDATA[                    <URL>立即修复</URL>]]></s>
<s id=1229><![CDATA[<EX>进程防护未开启</EX>]]></s>
<s id=1230><![CDATA[<EX>关键位置防护未开启</EX>]]></s>
<s id=1231><![CDATA[<EX>U 盘防护未开启</EX>]]></s>
<s id=1232><![CDATA[<EX>漏洞防护未开启</EX>]]></s>
<s id=1233><![CDATA[<EX>网页防护未开启</EX>]]></s>
<s id=1234><![CDATA[<EX>欺诈防护未开启</EX>]]></s>
<s id=1235><![CDATA[异常项(%d)]]></s>
<s id=1236><![CDATA[正常项(%d)]]></s>
<s id=1237><![CDATA[取消项(%d)]]></s>
<s id=1238>当前设置为：每次打开金山卫士主界面后自动体检</s>
<s id=1239>当前设置为：每天第一次打开金山卫士主界面后自动体检</s>
<s id=1240>当前设置为：手动体检</s>
<s id=1241>修改设置</s>
<s id=1242>改为手动体检</s>
<s id=1243>改为每天体检一次</s>
<s id=1244>上次体检日期：%s</s>
<s id=1245>上次体检发现风险。建议立即体检，以解决问题</s>
<s id=1246>上次体检发现危险。需要立即体检，以解决问题</s>
<s id=1247>上次体检时间未知</s>
<s id=1248>已有 %d 天未体检。建议定期查杀木马，确保系统安全</s>
<s id=1249>今天已经体检。建议每天体检一次，以确保系统安全</s>
<s id=1250>建议每天体检一次，以确保系统安全</s>
<s id=1251><![CDATA[<EX>  还有 %d 个安全项，%d 个取消项没有显示</EX> <URL>全部显示</URL>]]></s>
<s id=1252><![CDATA[<EX>  还有 %d 个安全项没有显示</EX> <URL>全部显示</URL>]]></s>
<s id=1253><![CDATA[<EX>  还有 %d 个取消项没有显示</EX> <URL>全部显示</URL>]]></s>
<s id=1254><![CDATA[<EX>  还有 %d 个安全项，%d 个取消项，%d个互利项没有显示</EX> <URL>全部显示</URL>]]></s>
<s id=1255><![CDATA[<EX> 更多项目 (%d) </EX> <URL>全部显示</URL>]]></s>
<s id=1256><![CDATA[<EX> 正常项 (%d) </EX> <URL>全部显示</URL>]]></s>
<s id=1257><![CDATA[<EX>发现 %d 个高危漏洞[危险]</EX>]]></s>
<s id=1258><![CDATA[<EX>                  已忽略[未知]</EX>]]></s>
<s id=1259><![CDATA[<EX>                  建议重新体检</EX>]]></s>
<s id=1260><![CDATA[<URL>忽略</URL>]]></s>
<s id=1261><![CDATA[<URL>取消忽略</URL>]]></s>
<s id=1262><![CDATA[<EX>                      已经忽略</EX>]]></s>
<s id=1263><![CDATA[<EX>                     重新体检</EX>]]></s>
<s id=1264><![CDATA[<EX>发现 %d 个高危漏洞[危险]</EX>]]></s>
<s id=1265>
<![CDATA[Hosts 文件超过了 100 行。若是您修改的，建议点击“确定”，以后
体检将忽略它，直到它被再次修改。确定忽略？]]>
</s>
<s id=1266>全部显示</s>
<s id=1267>隐藏显示</s>
<s id=1268>文件版本不正确,请重新安装文件解决此问题</s>
<s id=1269>今天 %02d:%02d:%02d 体检发现威胁，建议立即修复</s>
<s id=1270>危险</s>
<s id=1271>风险</s>
<s id=1272><![CDATA[                    <URL>修改设置</URL>]]></s>
<s id=1273><![CDATA[<EX>                    已经解决</EX>]]></s>
<s id=1274>危险项已经修复，建议重新体检</s>
<s id=1275>文件版本不正确,请重新安装文件解决此问题</s>
<s id=1276>快速</s>
<s id=1277>全盘</s>
<s id=1278>自定义</s>
<s id=1279>今天 %02d:%02d:%02d 清除部分威胁，还剩 %d 个需要修复</s>
<s id=1280>今天 %02d:%02d:%02d %s扫描发现 %d 个威胁需要修复</s>
<s id=1281>%I64d 天前清除部分威胁，还剩 %d 个需要修复</s>
<s id=1282>%I64d 天前%s扫描发现 %d 个威胁需要修复</s>
<s id=1283>今天 %02d:%02d:%02d %s扫描发现 %d 个威胁，已修复</s>
<s id=1284>%I64d 天前%s扫描发现 %d 个威胁，已修复</s>
<s id=1285>今天 %02d:%02d:%02d %s扫描没有发现威胁</s>
<s id=1286>%I64d 天前%s扫描没有发现威胁</s>
<s id=1287>云安全中心共分析未知文件 %d 个</s>
<s id=1288>实时保护未全部开启</s>
<s id=1289>实时保护已全部开启</s>
<s id=1290>浏览器保护未全部开启</s>
<s id=1291>浏览器保护已全部开启</s>
<s id=1292>浏览器保护未开启</s>
<s id=1293><![CDATA[<EX>检测上网安全防护是否已全部开启</EX>]]></s>
<s id=1294><![CDATA[<EX>上网安全防护未开启</EX>]]></s>
<s id=1295><![CDATA[<EX>            已全部开启[安全]</EX>]]></s>
<s id=1296><![CDATA[<EX>          未开启保护[有风险]</EX>]]></s>
<s id=1297><![CDATA[<EX>上网安全保护未全部开启</EX>]]></s>
<s id=1298><![CDATA[<EX>            已全部开启[安全]</EX>]]></s>
<s id=1299><![CDATA[                    <URL>修改设置</URL>]]></s>
<s id=1300><![CDATA[                  <URL>查看并启用</URL>]]></s>
<s id=1301><![CDATA[                    <URL>查看详情</URL>]]></s>
<s id=1302><![CDATA[<EX>金山网盾上网安全防护尚未启用</EX>]]></s>
<s id=1303><![CDATA[<EX>检测系统是否存在垃圾</EX>]]></s>
<s id=1304><![CDATA[<EX>系统存在较多垃圾</EX>]]></s>
<s id=1305><![CDATA[<EX>              没有垃圾[安全]</EX>]]></s>
<s id=1306><![CDATA[                  <URL>查看并清理</URL>]]></s>
<s id=1307><![CDATA[<EX>            系统存在较多垃圾</EX>]]></s>
<s id=1308><![CDATA[<URL>取消忽略</URL>]]></s>
<s id=1309>请选择体检时要忽略的项，然后点击“体检时忽略”。不认识的项，建议删除</s>
<s id=1310>请选择体检时要检测的项，然后点击“取消忽略”。</s>
<s id=1311>请选择体检时要忽略的项，然后点击“体检时忽略”。不需要的项，请取消共享</s>
<s id=1312>请选择体检时要检测的项，然后点击“取消忽略”。</s>
<s id=1313>没有选择取消信任的Hosts项</s>	
<s id=1314><![CDATA[<URL>删除</URL>]]></s>
<s id=1315>没有选择需要取消忽略的共享资源</s>
<s id=1316>取消忽略</s>
<s id=1317>体检时忽略</s>
<s id=1318><![CDATA[<EX>检测是否 Guest 账户被禁用</EX> <URL>查看详情</URL>]]></s>
<s id=1319><![CDATA[<EX>检测是否禁止远程桌面连到本机</EX>  <URL>查看详情</URL>]]></s>
<s id=1320><![CDATA[<a id="808" href="http://www.ijinshan.com/safe/hosts_intro.html?fr=client">了解更多</a>]]></s>
<s id=1321><![CDATA[<EX>垃圾清理功能存在异常</EX>]]></s>
<s id=1322><![CDATA[                    <URL>立即启用</URL>]]></s>
<s id=1323><![CDATA[<EX>检测磁盘、文件夹打开是否存在异常</EX>]]></s>
<s id=1324><![CDATA[<EX>磁盘、文件夹打开存在异常</EX>]]></s>
<s id=1325><![CDATA[<EX>磁盘、文件夹打开不存在异常</EX>]]></s>
<s id=1326><![CDATA[                    <URL>立即修复</URL>]]></s>
<s id=1327><![CDATA[<EX>              没有异常[安全]</EX>]]></s>
<s id=1328><![CDATA[                    <URL>恢复检测</URL>]]></s>
<s id=1329><![CDATA[            <URL>取消禁用[不推荐]</URL>]]></s>
<s id=1330><![CDATA[            <URL>取消禁用[不推荐]</URL>]]></s>
<s id=1331><![CDATA[             <EX>Guest账户已启用</EX>]]></s>
<s id=1332><![CDATA[              <EX>远程桌面已启用</EX>]]></s>
<s id=1333><![CDATA[                  <EX>已恢复检测</EX>]]></s>
<s id=1334><![CDATA[                  <URL>查看并修改</URL>]]></s>
<s id=1335><![CDATA[<EX>Guest账户已禁用</EX>]]></s>
<s id=1336><![CDATA[<EX>远程桌面已禁用</EX>]]></s>
<s id=1337><![CDATA[<EX>已忽略 Guest 账号设置</EX>]]></s>
<s id=1338><![CDATA[<EX>已忽略检测远程桌面设置</EX>]]></s>
<s id=1339><![CDATA[您将要开启 Guest 账号。这将允许未经您授权的人访问本机共享文

件，系统有风险。确定这样做？]]></s>
<s id=1340><![CDATA[您将要开启远程桌面。这将允许其他人通过网络使用这台电脑，系统
有风险。确定这样做？]]></s>
<s id=1341><![CDATA[<EX>检测是否存在其他的系统异常问题</EX>]]></s>
<s id=1342><![CDATA[<EX>检测是否存在流氓软件推广的异常桌面图标</EX>]]></s>
<s id=1343><![CDATA[<EX>              未见异常[安全]</EX>]]></s>
<s id=1344><![CDATA[<EX>存在异常的桌面图标[有风险]</EX>]]></s>
<s id=1345><![CDATA[<EX>            发现异常[有风险]</EX>]]></s>
<s id=1346><![CDATA[                    <URL>立即修复</URL>]]></s>
<s id=1347><![CDATA[<EX>检测常用桌面图标是否被恶意篡改</EX>]]></s>
<s id=1348><![CDATA[<EX>              未见异常[安全]</EX>]]></s>
<s id=1349><![CDATA[<EX>常用桌面图标被恶意篡改</EX>]]></s>
<s id=1350><![CDATA[<EX>            发现异常[有风险]</EX>]]></s>
<s id=1351><![CDATA[                    <URL>立即修复</URL>]]></s>
<s id=1352><![CDATA[<EX>              未见异常[安全]</EX>]]></s>
<s id=1353><![CDATA[<EX>非IE类浏览器的快捷方式被恶意篡改</EX>]]></s>
<s id=1354><![CDATA[<EX>            发现异常[有风险]</EX>]]></s>
<s id=1355><![CDATA[                    <URL>立即修复</URL>]]></s>
<s id=1356><![CDATA[<EX>              没有威胁[安全]</EX>]]></s>
<s id=1357><![CDATA[<EX>收藏夹存在恶意推广的网址</EX>]]></s>
<s id=1358><![CDATA[<EX>            发现异常[有风险]</EX>]]></s>
<s id=1359><![CDATA[                    <URL>立即修复</URL>]]></s>
<s id=1360><![CDATA[<EX>                  正常[安全]</EX>]]></s>
<s id=1361><![CDATA[<EX>常规IE修复项异常</EX>]]></s>
<s id=1362><![CDATA[<EX>            发现异常[有风险]</EX>]]></s>
<s id=1363><![CDATA[                  <URL>查看并修复</URL>]]></s>
<s id=1364><![CDATA[%s <EX>[%d处异常]</EX>]]></s>
<s id=1365><![CDATA[<EX>          未启用垃圾清理功能</EX>]]></s>
<s id=1366><![CDATA[<EX>          未全部开启[有风险]</EX>]]></s>
<s id=1367>上网保护未全部开启</s>
<s id=1368>上网保护已全部开启</s>
<s id=1369>系统状态：%s</s>
<s id=1370>安全</s>
<s id=1371>已检测项没有发现问题。建议每天体检一次，及时发现问题。</s>
<s id=1372>存在异常项</s>
<s id=1373>发现系统存在问题或隐患，建议立即解决，确保安全。</s>
<s id=1374>未知</s>
<s id=1375>您已取消体检，暂未发现问题。建议每天体检一次。</s>
<s id=1376>正在进行电脑体检，请稍候...</s>
<s id=1377>正在取消电脑体检，请稍候...</s>
<s id=1378>免费杀毒</s>
<s id=1379>金山毒霸一年免费使用，超值</s>
<s id=1380>专业杀毒</s>
<s id=1381>金山毒霸三引擎杀毒，轻巧快速</s>
<s id=1382><![CDATA[<EX>检测是否存在不需要开机启动的启动项</EX>]]></s>
<s id=1383><![CDATA[                  <EX>已全部优化</EX>]]></s>
<s id=1384><![CDATA[<EX>不存在不需要开机启动的启动项</EX>]]></s>
<s id=1385><![CDATA[<EX>存在不需要开机启动的启动项</EX>]]></s>
<s id=1386><![CDATA[                    <URL>立即优化</URL>]]></s>
<s id=1387><![CDATA[<EX>检测本机常用软件是否需要升级</EX>]]></s>
<s id=1388><![CDATA[                  <EX>不需要升级</EX>]]></s>
<s id=1389><![CDATA[<EX>检测本机常用软件是否需要升级</EX>]]></s>
<s id=1390><![CDATA[<EX>本机有常用软件需要升级 [%d款]</EX>]]></s>
<s id=1391><![CDATA[                  <URL>查看并升级</URL>]]></s>
<s id=1392><![CDATA[<EX>本机有常用软件需要升级 [%d款]</EX>]]></s>

<s id=2000>初始化插件扫描失败，请重新安装本软件！</s>
<s id=2001>任务繁忙，请稍候再试</s>
<s id=2002>提示</s>
<s id=2003>正在初始化</s>
<s id=2004>确定关闭Explorer</s>
<s id=2005>不关闭Explorer</s>
<s id=2006>
<![CDATA[部分插件在清理时需要关闭并重新启动Explorer（资源管理
器）。过程中Windows桌面会出现闪烁，这是正常情况
提示：请您在操作前保存好正在编辑的文档。]]>
</s>
<s id=2007>请先选择要清理的插件！</s>
<s id=2008>下载专杀</s>
<s id=2009>
<![CDATA[需要下载专杀工具才能清理:
%s
]]>
</s>
<s id=2010>立即重启</s>
<s id=2011>稍后重启</s>
<s id=2012>
<![CDATA[需要重启计算机才能完全清除选中插件，重启前请

先保存您正在编辑的文档。]]>
</s>
<s id=2013>正在重启....</s>
<s id=2014>重启失败，请手动重启！</s>
<s id=2015>
<![CDATA[插件库加载失败，请联系工作人员帮您解决问题。

工作人员QQ：1285048170]]>
</s>
<s id=2016>正在%s，确定要关闭%s？</s>
<s id=2017>扫描插件</s>
<s id=2018>清理插件</s>
<s id=2019>恶意插件尚未清理，确定要关闭%s？</s>
<s id=2020>全部</s>
<s id=2021>危险</s>
<s id=2022>未知</s>
<s id=2023>安全</s>
<s id=2024>全部(%d)</s>
<s id=2025>危险(%d)</s>
<s id=2026>未知(%d)</s>
<s id=2027>安全(%d)</s>
<s id=2028>这是个未知插件，建议上传这个插件进行安全性验证。</s>
<s id=2029>文件路径:</s>
<s id=2030>注册表键值:</s>
<s id=2031>清除成功</s>
<s id=2032>重启后清除</s>
<s id=2033>活动</s>
<s id=2034>残留</s>
<s id=2035>查看详情</s>
<s id=2036>下载专杀工具</s>
<s id=2037>上传到金山安全中心</s>
<s id=2038>问题反馈</s>
<s id=2039>时间</s>
<s id=2040>事件</s>
<s id=2041><![CDATA[清理 ]]></s>
<s id=2042>上报未知</s>
<s id=2043>清除不掉</s>
<s id=2044>问题提交成功，感谢您的反馈！</s>
<s id=2045>正在上传插件信息…</s>
<s id=2046>上报未知插件完成！</s>
<s id=2047>您取消了插件上传！</s>
<s id=2048>
<![CDATA[
已经复制到剪切板！]]>
</s>
<s id=2049>%s的所有相关信息</s>

<s id=2500>
<![CDATA[彻底删除文件后将不能被恢复！

您确定需要删除？]]>
</s>
<s id=2501>时间</s>
<s id=2502>(恢复失败：目标已存在)</s>
<s id=2503>(恢复失败：隔离文件已损坏)</s>
<s id=2504>(恢复/清除成功)</s>
<s id=2505>(恢复失败：未知错误0x%08X)</s>
<s id=2506>类型</s>
<s id=2507>未知文件名</s>
<s id=2508>未知文件</s>
<s id=2509>文件名</s>
<s id=2510>文件路径</s>
<s id=2511>云安全分析状态</s>
<s id=2512>检出时间</s>
<s id=2513>隔离区编号[%s]</s>
<s id=2514>隔离区文件</s>
<s id=2515>文件已从隔离区恢复</s>
<s id=2516>等待重试</s>
<s id=2517>正在上报</s>
<s id=2518>等待云安全分析</s>
<s id=2519>文件已不存在</s>
<s id=2520>安全</s>
<s id=2521>木马</s>
<s id=2522>时间</s>
<s id=2523>发现木马</s>
<s id=2524>清除失败</s>
<s id=2525>清除成功</s>
<s id=2526>重启清除</s>
<s id=2527>文件名</s>
<s id=2528>添加时间</s>
<s id=2529>查杀引擎</s>
<s id=2530>云引擎</s>
<s id=2531>本地V10引擎</s>
<s id=2532>云引擎正在初始化...</s>
<s id=2533>本地V10引擎正在初始化...</s>
<s id=2534>威胁需要重启修复</s>
<s id=2535>威胁已全部修复成功！</s>
<s id=2536>扫描中断，发现威胁</s>
<s id=2537>发现威胁、请立即清除</s>
<s id=2538>扫描中断，未发现威胁</s>
<s id=2539>未发现威胁，您的系统非常安全</s>
<s id=2540>%s注册表项</s>
<s id=2541>恶意插件</s>
<s id=2542>需要清除</s>
<s id=2543>等待清除</s>
<s id=2544>清除成功</s>
<s id=2545>重启后清除</s>
<s id=2546>恶意插件</s>
<s id=2547>系统内存</s>
<s id=2548>开机启动程序</s>
<s id=2549>关键目录</s>
<s id=2550>指定目录</s>
<s id=2551>所有文件</s>
<s id=2552>移动分区</s>
<s id=2553>立即清除</s>
<s id=2554>不处理</s>
<s id=2555>
<![CDATA[有未处理的威胁，会对系统造成安全隐患；

建议您立即全部修复！]]>
</s>
<s id=2556>立即重启</s>
<s id=2557>稍后重启</s>
<s id=2558>
<![CDATA[部分威胁需要重启修复，建议您立即重启。

（重启电脑前，请保存好文档等，避免数据丢失）]]>
</s>
<s id=2559>停止扫描</s>
<s id=2560>继续扫描</s>
<s id=2561>
<![CDATA[已发现您的系统中有威胁，终止扫描会给系统带来安全隐患。

强烈建议您继续扫描！]]>
</s>
<s id=2562>
<![CDATA[停止扫描可能使您的电脑处于潜在风险中。

为了您的系统安全，强烈建议您继续扫描！]]>
</s>
<s id=2563>继续清除</s>
<s id=2564>立即退出</s>
<s id=2565>停止清除</s>
<s id=2566>正在清除威胁，建议您清除完毕再退出。</s>
<s id=2567>正在清除威胁，建议您清除完成。</s>
<s id=2568>本地木马库：%d.%d.%d.%d</s>
<s id=2569>共有 %u 个信任文件, %u 个信任网址</s>
<s id=2570>
<![CDATA[加入白名单信任列表的文件在扫描时将会被直接跳过，

您确定要将选中的文件加入信任列表么？]]>
</s>
<s id=2571>
<![CDATA[

恶意插件暂时无法加入信任列表！]]>
</s>
<s id=2572>正在下载本地V10引擎</s>
<s id=2573>正在下载 %s/%s</s>
<s id=2574>本地V10引擎下载完成</s>
<s id=2575>等待下载</s>
<s id=2576>下载完成</s>
<s id=2577>正在安装本地V10引擎...</s>
<s id=2578>本地V10引擎安装完成</s>
<s id=2579>正在检测本地木马库版本...</s>
<s id=2580>正在检测本地木马库版本...</s>
<s id=2581>检测到本地木马库需要更新</s>
<s id=2582>正在升级本地木马库...</s>
<s id=2583>检测到本地木马库已是最新</s>
<s id=2584>本地木马库已升级到最新</s>
<s id=2585>下载本地V10引擎</s>
<s id=2586>已取消</s>
<s id=2587>已取消启用本地V10引擎</s>
<s id=2588>下载本地V10引擎失败</s>
<s id=2589>安装本地V10引擎失败</s>
<s id=2590>本地木马库升级失败</s>
<s id=2591>升级失败</s>
<s id=2592>本地V10引擎已成功启用</s>
<s id=2593>本地V10引擎未能成功启用</s>
<s id=2594>清除感染性病毒后为避免反复感染，建议立即全盘扫描</s>
<s id=2595>避免感染型病毒反复感染，建议您重启后立即全盘扫描</s>
<s id=2596></s>
<s id=2597></s>
<s id=2598></s>
<s id=2599></s>
<s id=2600></s>
<s id=2601></s>
<s id=2602></s>
<s id=2603></s>
<s id=2700>禁止自启动</s>
<s id=2701>读取文件失败，暂时不支持IE临时文件加入白名单的操作。</s>
<s id=2702>为防止病毒木马重复释放，将为您再次进行一次“快速&#13;&#10;&#13;&#10;扫描”。</s>
<s id=2703>&lt;richtext pos="0,0,290,52"&gt;发现您的电脑中存在顽固病毒，需要立即重启电脑进行彻底清除。&lt;br/&gt;&lt;c color=cc0000&gt;请及时保存正在编辑的文档等，避免数据丢失。&lt;/c&gt;&lt;/richtext&gt;</s>
<s id=2704>&lt;richtext pos="0,0,290,35"&gt;发现您的电脑中存在顽固病毒，请联系金山卫士工程师为您解决，QQ：517892657；也可以到论坛进行求助。&lt;/richtext&gt;</s>
<s id=2705>发现感染型病毒，建议您进行一次“全盘扫描”，彻底&#13;&#10;&#13;&#10;查杀避免重复感染。</s>
<s id=2706><![CDATA[http://bbs.ijinshan.com/forum-17-1.html]]></s>
<s id=2707>立即重启电脑</s>
<s id=2708>到论坛求助</s>
<s id=2709>修复可疑威胁，推荐上报</s>


<s id=4000>
<![CDATA[将要禁止此项在开机时启动。这可能会导致如下问题：
%s
确定要禁止？
]]>
</s>
<s id=4001>对启动项的修改失败，可能是被其他程序（例如安全软件）阻止。</s>
<s id=4002>启动项</s>
<s id=4003>服务项</s>
<s id=4004>计划任务</s>
<s id=4005>将撤销您对%s所做的全部更改（除“删除”外）。确定要撤销吗？</s>
<s id=4006>将撤销您对%s所做的全部更改。确定要撤销吗？</s>
<s id=4007>启动项(%d/%d)</s>
<s id=4008>服务项(%d/%d)</s>
<s id=4009>计划任务(%d/%d)</s>
<s id=4010>初始化引擎失败，请重新安装本软件！</s>
<s id=4011>“%s”被删除后，不能恢复。确定删除？</s>
<s id=4012>对启动项的删除失败，可能是被其他程序（例如安全软件）阻止。</s>
<s id=4013>清理系统垃圾，可以加快系统运行速度。建议定期清理。</s>
<s id=4014>清理使用痕迹，不仅可以加快系统运行速度，还可以保护个人隐私。</s>
<s id=4015>清理注册表，可以加快系统运行速度。建议定期清理。</s>
<s id=4016>名字</s>
<s id=4017>描述</s>
<s id=4018>状态</s>
<s id=4019>已开机不启动</s>
<s id=4020>已被禁止启动</s>
<s id=4021>操作失败</s>
<s id=4022>将开机不启动</s>
<s id=4023>将被禁止启动</s>
<s id=4024>可优化的启动项(%d)</s>
<s id=4025>可优化的服务项(%d)</s>
<s id=4026>可优化的计划任务(%d)</s>
<s id=4027>开机不启动</s>
<s id=4028>开机启动</s>
<s id=4029>禁止启动</s>
<s id=4030>允许启动</s>
<s id=4031>打开所在文件夹</s>
<s id=4032>删除此项</s>
<s id=4033>暂时没有简介</s>
<s id=4034>已开启</s>
<s id=4035>已禁用</s>
<s id=4036>开机启动</s>
<s id=4037>开机不启动</s>
<s id=4038>禁用</s>
<s id=4039>开启</s>
<s id=4040>操作建议：%s</s>
<s id=4041>项目简介：%s</s>
<s id=4042>启动参数：%s</s>
<s id=4043>启动项中没有数据!</s>
<s id=4044>没有已禁止的启动项数据！</s>
<s id=4045>没有已允许的启动项数据！</s>
<s id=4046>服务项中没有数据！</s>
<s id=4047>没有已禁止的服务项数据！</s>
<s id=4048>没有已允许的服务项数据！</s>
<s id=4049>计划任务中没有数据！</s>
<s id=4050>没有已禁止的计划任务数据！</s>
<s id=4051>没有已允许的计划任务数据！</s>
<s id=4052>打开所在目录</s>
<s id=4053>删除此项</s>
<s id=4054>正在优化启动项：%s</s>
<s id=4055>%d</s>
<s id=4056>请您选择需要优化的项，再点击“继续优化”！</s>
<s id=4057>一键优化</s>
<s id=4058>
<![CDATA[检测到此项已经被360安全卫士禁止自启动，360安全卫士监控
程序会反复禁用此项。请您检查360安全卫士的开机加速设置。
建议您只使用一款软件进行开机加速避免冲突！
]]>
</s>
<s id=4059>继续优化</s>
<s id=4060>刷新</s>
<s id=4061>%s（已失效）</s>
<s id=4062>删除</s>
<s id=4063></s>
<s id=4064></s>
<s id=4065></s>
<s id=4066></s>
<s id=4067></s>
<s id=4068></s>
<s id=4069></s>

<s id=5000>清理磁盘空间</s>
<s id=5001>
<![CDATA[检测到系统磁盘空间不足100MB，可能会导致补丁安装失败；
建议您先清理磁盘空间，再修复漏洞补丁。]]>
</s>
<s id=5002>立即安装</s>
<s id=5003>立即反馈</s>
<s id=5004>
<![CDATA[检测到系统加密服务未安装，缺失该服务将导致大部分补丁无法安装；
建议您立即安装此服务]]>
</s>
<s id=5005>系统加密服务安装失败，建议反馈给金山卫士工作人员。</s>
<s id=5006>继续安装</s>
<s id=5007>以后安装吧</s>
<s id=5008>
<![CDATA[检测到您的系统有office 程序在运行：
%s

可能会导致某些补丁安装不上；
建议您先关闭上面Office程序后继续 ……]]>
</s>
<s id=5009>创建文件夹"%s"失败</s>
<s id=5010>创建文件夹失败!</s>
<s id=5011>是否将目录"%s"下的文件拷贝到新目录"%s"</s>
<s id=5012>确认移动文件</s>
<s id=5013>正在移动文件...</s>
<s id=5014><![CDATA[<a id=1>已安装</a><a id=2>已忽略</a><a id=3>已过期</a><a id=4>已屏蔽</a>]]></s>
<s id=5015><![CDATA[<a id=1>已安装(%d)</a> <a id=2>已忽略(%d)</a> <a id=3>已过期(%d)</a> <a id=4>已屏蔽(%d)</a>]]></s>
<s id=5016>未修复</s>
<s id=5017>无需修复</s>
<s id=5018>严重程度</s>
<s id=5019>补丁名称</s>
<s id=5020>补丁描述</s>
<s id=5021>发布日期</s>
<s id=5022>状态</s>
<s id=5023>补丁进度</s>
<s id=5024>操作</s>
<s id=5025>
<![CDATA[忽略漏洞补丁，可能会给您的系统带来潜在风险！

您确认需要忽略这些补丁吗？]]>
</s>
<s id=5026>
<![CDATA[
您未选中任何要忽略的项!]]>
</s>
<s id=5027>恭喜你, 没有找到漏洞!</s>
<s id=5028>漏洞扫描被取消!</s>
<s id=5029>正在修复漏洞, 是否确认退出？</s>
<s id=5030>后台运行</s>
<s id=5031>立即退出</s>
<s id=5032>
<![CDATA[您选择了金山卫士不推荐安装的可选补丁，
有些补丁在某些情况下可能导致系统崩溃，
建议您谨慎安装。

需要金山卫士帮您自动过滤这些补丁吗？]]>
</s>
<s id=5033>自动过滤</s>
<s id=5034>不过滤</s>
<s id=5035>
<![CDATA[
您未选中任何要修复的项!]]>
</s>
<s id=5036>
<![CDATA[取消修复漏洞补丁，可能会给系统带来潜在风险！

您确认要取消此操作吗？]]>
</s>
<s id=5037>正在进行漏洞修复，您可以正常进行其他工作</s>
<s id=5038>已下载%u%%</s>
<s id=5039>已下载</s>
<s id=5040>等待安装</s>
<s id=5041>已取消</s>
<s id=5042><![CDATA[下载失败 ]]></s>
<s id=5043><![CDATA[正连接 ]]></s>
<s id=5044><![CDATA[正在安装 ]]></s>
<s id=5045>智能修复</s>
<s id=5046>安装成功</s>
<s id=5047>已智能忽略</s>
<s id=5048>需重启继续安装</s>
<s id=5049>失败:请先关闭Office</s>
<s id=5050>被拦截了?</s>
<s id=5051>反馈问题</s>
<s id=5052>安装失败</s>
<s id=5053>
<![CDATA[漏洞全部安装成功，重启后生效
]]>
</s>
<s id=5054>漏洞修复已完成，共需要修复 %d 个漏洞， %d 个已成功完成</s>
<s id=5055>漏洞修复失败， 建议您重启后再重试。</s>
<s id=5056>共需要修复 %d 个漏洞， 已成功处理 %d 个</s>
<s id=5057>共需要修复 %d 个漏洞， 已成功处理 %d 个，失败 %d 个</s>
<s id=5058>正在下载并安装漏洞补丁( %d / %d )……</s>
<s id=5059>已取消扫描</s>
<s id=5060><![CDATA[共检测到<b>%d</b>个补丁，其中<b>%d</b>个高危漏洞需要立即修复！]]></s>
<s id=5061><![CDATA[共检查到<b>%d</b>个可选补丁，建议您根据使用需要进行选择修复。]]></s>
<s id=5062>恭喜您，未检测到系统漏洞。</s>
<s id=5063>您已经安装所有需要立即修复的补丁！</s>
<s id=5064>上次扫描时间：%s</s>
<s id=5065>高危漏洞补丁（%d）</s>
<s id=5066> - 此类型漏洞会被木马等利用，破坏电脑安全，建议您立即修复！</s>
<s id=5067>可选补丁（%d）</s>
<s id=5068> - 此类补丁为系统组件、软件更新，建议您根据使用需求选择修复。</s>
<s id=5069>组件升级（%d）</s>
<s id=5070> - 此类补丁为操作系统、Office、IE浏览器等SP升级，谨慎安装。</s>
<s id=5071>下载安装新软件</s>
<s id=5072>启用COM</s>
<s id=5073>禁用COM</s>
<s id=5074>升级程序</s>
<s id=5075>已经禁用相关COM</s>
<s id=5076>需禁用COM</s>
<s id=5077>修复漏洞失败!</s>
<s id=5078>补丁已经全部安装成功，重启后立即生效。</s>
<s id=5079>
<![CDATA[%d个补丁安装成功，重启后立即生效。
%d个补丁安装失败，建议您稍后尝试重新修复。]]>
</s>
<s id=5080>
<![CDATA[<text pos="0,10" class="text_color_red">%d</text><text pos="20,10">个补丁安装成功，重启后立即生效。</text>
<text pos="0,30" class="text_color_red">%d</text><text pos="20,30">个补丁安装失败，建议您稍后尝试重新修复。</text>]]>
</s>
<s id=5081>%d 个补丁安装失败，建议您稍后重试！</s>
<s id=5082>
<![CDATA[<text pos="0,10" class="text_color_red">%d</text><text pos="20,10">个补丁安装失败。</text>
<text pos="0,30">建议您稍后尝试重新修复。</text>]]>
</s>
<s id=5083>补丁下载失败，建议您检查是否可以正常链接网络后重试！</s>
<s id=5084>
<![CDATA[<text pos="0,10">补丁下载失败。</text>
<text pos="0,30">建议您检查是否可以正常链接网络后重试！</text>]]>
</s>
<s id=5085>立即重启</s>
<s id=5086>稍后重启</s>
<s id=5087>
<![CDATA[
建议您重启计算机]]>
</s>
<s id=5088>官方介绍</s>
<s id=5089>官方下载</s>
<s id=5090>导出文件错误, 文件创建失败</s>
<s id=5091><![CDATA[<html><head><meta http-equiv="Content-Type" content="text/html;charset=UTF-8"><title>金山卫士漏洞扫描结果-%s</title></head>]]></s>
<s id=5092><![CDATA[<body align=center>]]></s>
<s id=5093><![CDATA[</body></html>]]></s>
<s id=5094><![CDATA[<table border=1>]]></s>
<s id=5095><![CDATA[</table>]]></s>
<s id=5096><![CDATA[<tr><th width=50>类型</th><th>补丁号</th><th>补丁名称</th><th width=80>发布时间</th><th>下载链接</th></tr>]]></s>
<s id=5097><![CDATA[<tr><td>%s</td><td>%s</td><td>%s</td><td>%s</td><td><a href="%s">%s</a></td></tr>]]></s>
<s id=5098>高危</s>
<s id=5099>可选</s>
<s id=5100>SP补丁</s>
<s id=5101>需要重新启动</s>
<s id=5102>需要关机</s>
<s id=5103>请选择路径：</s>
<s id=5104>Windows XP 安全更新 (KB%d)</s>
<s id=5105>该补丁已被最新补丁KB%d替换</s>
<s id=5106>无需修复</s>
<s id=5107>未修复</s>
<s id=5108>可不修复</s>
<s id=5109>可选</s>
<s id=5110>低</s>
<s id=5111>中等</s>
<s id=5112>重要</s>
<s id=5113>严重</s>
<s id=5114>紧急</s>
<s id=5115>已过期</s>
<s id=5116>%s,已经无效, 无需修复</s>
<s id=5117>软件名称：</s>
<s id=5118>修复方法：</s>
<s id=5119>推荐操作：</s>
<s id=5120>立即修复</s>
<s id=5121>漏洞描述：</s>
<s id=5122>补丁名称：</s>
<s id=5123>安全公告：</s>
<s id=5124>补丁大小：</s>
<s id=5125>漏洞影响：</s>
<s id=5126>推荐操作：</s>
<s id=5127>漏洞描述：</s>
<s id=5128>官方介绍</s>
<s id=5129>官方下载</s>
<s id=5130>General错误</s>
<s id=5131>该语言不支持</s>
<s id=5132>该系统不支持</s>
<s id=5133>需要以管理员权限启动</s>
<s id=5134>加载库文件失败</s>
<s id=5135>OUT OF Memory</s>
<s id=5136>写文件失败</s>
<s id=5137>加载DLL失败</s>
<s id=5138>其他错误%x</s>
<s id=5139>更多信息</s>
<s id=5140>安装时间</s>
<s id=5141>补丁名称</s>
<s id=5142>补丁描述</s>
<s id=5143>更多信息</s>
<s id=5144>没有已安装补丁!</s>
<s id=5145>选择</s>
<s id=5146>发布时间</s>
<s id=5147>补丁名称</s>
<s id=5148>补丁描述</s>
<s id=5149>更多信息</s>
<s id=5150>没有已忽略补丁!</s>
<s id=5151>未检测到已失效、不需要安装的补丁!</s>
<s id=5152>没有已屏蔽补丁!</s>
<s id=5153>漏洞补丁目录无效!!</s>
<s id=5154>
<![CDATA[
您未选中任何要忽略的项!]]>
</s>
<s id=5155><![CDATA[您的系统中已安装<b>%d</b>个补丁，补丁源文件大小为<b>%s</b>。]]></s>
<s id=5156><![CDATA[您的系统中已安装<b>%d</b>个补丁，无补丁安装源文件。]]></s>
<s id=5157>未检测到已忽略的补丁</s>
<s id=5158><![CDATA[检查到<b>%d</b>个已忽略的补丁，可选择“取消忽略”重新安装。]]></s>
<s id=5159><![CDATA[检测到<b>%d</b>个已失效补丁，此类补丁已经被新补丁替换安装。]]></s>
<s id=5160>未检测到已失效补丁</s>
<s id=5161>未检测到已屏蔽补丁</s>
<s id=5162><![CDATA[检测到<b>%d</b>个已屏蔽补丁，您的系统不需要安装此类补丁。]]></s>
<s id=5163>没有内容</s>
<s id=5164>未修复</s>
<s id=5165>Windows 安全更新 (KB%d)</s>
<s id=5166>已忽略</s>
<s id=5167></s>
<s id=5168></s>
<s id=5169></s>

<s id=6000>右键菜单</s>
<s id=6001>工具条</s>
<s id=6002>工具条</s>
<s id=6003>插件</s>
<s id=6004>插件</s>
<s id=6005>受信任网站</s>
<s id=6006>网络协议</s>
<s id=6007>网络协议</s>
<s id=6008>网络协议</s>
<s id=6009>网络协议</s>
<s id=6010>搜索及其它</s>
<s id=6011>搜索及其它</s>
<s id=6012>您使用的是 64 位系统，暂不能使用浏览器保护功能</s>
<s id=6013>屏幕中央</s>
<s id=6014>左上角</s>
<s id=6015>右上角</s>
<s id=6016>左下角</s>
<s id=6017>右下角</s>
<s id=6018>IE窗口最大化(非全屏模式)</s>
<s id=6019><![CDATA[ 恢复 IE 首页为空白页]]></s>
<s id=6020><![CDATA[ 恢复 IE 窗口标题]]></s>
<s id=6021><![CDATA[ 恢复 IE 为默认浏览器]]></s>
<s id=6022><![CDATA[ 恢复 IE 桌面图标、快速启动图标]]></s>
<s id=6023><![CDATA[ 恢复 IE 菜单中被禁用的项]]></s>
<s id=6024><![CDATA[ 恢复 Internet 选项中被禁用的项]]></s>
<s id=6025><![CDATA[ 恢复系统默认协议关联]]></s>
<s id=6026><![CDATA[ 恢复 IE 与 HTML 文件的关联]]></s>
<s id=6027><![CDATA[ 恢复代理服务器设置为默认状态]]></s>
<s id=6028><![CDATA[ 解决不能打开注册表编辑器、不能导入注册表的问题]]></s>
<s id=6029><![CDATA[ 修复域名解析文件（hosts）为安全状态]]></s>
<s id=6030><![CDATA[ 系统功能修复(修复被损坏的常用系统功能)]]></s>
<s id=6031><![CDATA[ 清除其他程序添加到 IE 中的危险项（例如右键菜单、工具栏图标、工具条、插件等）]]></s>
<s id=6032>清除 IE 右键菜单中的危险项</s>
<s id=6033>清除 IE 第三方工具条中的危险项</s>
<s id=6034>清除 IE 已下载的 ACTIVEX 中的危险项</s>
<s id=6035>清除 IE 工具栏图标中的危险项</s>
<s id=6036>清除 IE 搜索页中的危险项</s>
<s id=6037>清除 IE 浏览器辅助对象(BHO)中的危险项</s>
<s id=6038>清除 IE 受信任站点中的危险项</s>
<s id=6039>清除 IE 网络协议中的危险项</s>
<s id=6040>修复项目</s>
<s id=6041>修复项目2</s>
<s id=6042><![CDATA[ 简要描述：%s]]></s>
<s id=6043><![CDATA[   命令行：%s]]></s>
<s id=6044><![CDATA[ 注册表项：%s]]></s>
<s id=6045><![CDATA[ 帮助信息：<URL>到论坛求助</URL> 获取更多帮助信息]]></s>
<s id=6046><![CDATA[ 清除其他程序添加到 IE 中的危险项(例如右键菜单、工具栏图标、工具条、插件等)  <URL>查看设置</URL>]]></s>
<s id=6047>正在加载数据请稍候</s>
<s id=6048>操作成功</s>
<s id=6049>没有选中任何项目</s>
<s id=6050>操作内容</s>
<s id=6051>操作结果</s>
<s id=6052><![CDATA[<EX>[未知]，已清除：%s</EX>]]></s>
<s id=6053><![CDATA[<EX>[危险]，已清除：%s</EX>]]></s>
<s id=6054><![CDATA[<EX>[安全]，已忽略：%s</EX>]]></s>
<s id=6055><![CDATA[<EX>[未知]，已忽略：%s</EX>]]></s>
<s id=6056><![CDATA[<EX>[未知]，已忽略：%s</EX> <URL>清除</URL>]]></s>
<s id=6057><![CDATA[<EX>[未知]，已保留：%s</EX> <URL>清除</URL>]]></s>
<s id=6058>
<![CDATA[当前 IE 首页：%s 
是否清除？

（如果您从未见过此网址，则建议清除）]]>
</s>
<s id=6059><![CDATA[<EX>未发现威胁，已忽略</EX>]]></s>
<s id=6060>[顽固恶意插件] %s</s>
<s id=6061>[木马程序] %s</s>
<s id=6062><![CDATA[　　．检测 %s]]></s>
<s id=6063><![CDATA[ 正在修复...]]></s>
<s id=6064><![CDATA[<EX>[危险]，已清除</EX>]]></s>
<s id=6065><![CDATA[<EX>已修复</EX>]]></s>
<s id=6066>
<![CDATA[发现木马，可能影响 IE 修复效果
个别木马需要重启电脑后才能删除
是否立即重启电脑？]]>
</s>
<s id=6067>
<![CDATA[发现顽固恶意插件，可能影响 IE 修复效果
个别顽固恶意插件需要重启电脑后才能删除
是否立即重启电脑？]]>
</s>
<s id=6068><![CDATA[IE 修复完毕]]></s>
<s id=6069><![CDATA[恭喜，修复 IE 成功]]></s>
<s id=6070><![CDATA[  <EX>另有 %d 个安全项</EX> <URL>显示</URL>]]></s>
<s id=6071><![CDATA[检测<EX> %d </EX>项，修复<EX> %d </EX>项，忽略<EX> %d </EX>项]]></s>
<s id=6072><![CDATA[共检测 %d 项，修复 %d 项，忽略 %d 项]]></s>
<s id=6073><![CDATA[IE 修复尚未完成，确定要退出程序？]]></s>
<s id=6074>程序名</s>
<s id=6075>路径</s>
<s id=6076>状态</s>
<s id=6077>网站列表</s>
<s id=6078>时间</s>
<s id=6079>拦截内容</s>
<s id=6080>拦截类型</s>
<s id=6081>请先选择要清理的项目</s>
<s id=6082>请先修改 IE 设置</s>
<s id=6083>
<![CDATA[新的 IE 设置已经生效
关闭 IE 窗口后重新打开，可看到效果]]>
</s>
<s id=6084>备份设置操作成功</s>
<s id=6085>您没有备份设置，不能导入</s>
<s id=6086>导入设置成功</s>
<s id=6087>没有发现相关数据</s>
<s id=6088>%s 没有可清理的项，不必清理</s>
<s id=6089>有 %d 个安全项</s>
<s id=6090>没有发现不安全项</s>
<s id=6091>正在扫描：%s</s>
<s id=6092>修复系统受损功能</s>
<s id=6093>清除</s>
<s id=6094>保留</s>
<s id=6095>请先选择要修复的项目</s>
<s id=6096>检测活动木马</s>
<s id=6097>木马程序...</s>
<s id=6098>检测顽固恶意插件</s>
<s id=6099>顽固恶意插件...</s>
<s id=6100>检测 IE 首页：</s>
<s id=6101><![CDATA[<EX>发现 %d 个活动木马，需重启后清除</EX>  <URL>查看详情</URL>]]></s>
<s id=6102><![CDATA[<EX>发现 %d 个活动木马，已清除</EX>  <URL>查看详情</URL>]]></s>
<s id=6103><![CDATA[<EX>未发现活动木马</EX>]]></s>
<s id=6104><![CDATA[<EX>发现 %d 款顽固恶意插件，需要重新启动后删除</EX>  <URL>查看详情</URL>]]></s>
<s id=6105><![CDATA[<EX>发现 %d 款顽固恶意插件，已清除</EX>  <URL>查看详情</URL>]]></s>
<s id=6106><![CDATA[<EX>未发现顽固恶意插件</EX>]]></s>
<s id=6107>""</s>
<s id=6108>已拦截 0 次</s>
<s id=6109>浏览器保护已拦截 0 次</s>
<s id=6110>已阻止</s>
<s id=6111>已信任</s>
<s id=6112>浏览器保护已全部开启，正在保护您的上网安全</s>
<s id=6113>浏览器保护未全部开启，上网存在风险</s>
<s id=6114>浏览器保护已关闭，上网时易被木马入侵或被钓鱼欺诈</s>
<s id=6115>网页防护拦截</s>
<s id=6116>网页木马</s>
<s id=6117>欺诈防护拦截</s>
<s id=6118>欺诈网站</s>
<s id=6119>挂马</s>
<s id=6120>挂马网站</s>
<s id=6121>钓鱼或欺诈</s>
<s id=6122>欺诈网站</s>
<s id=6123>用户黑名单</s>
<s id=6124>用户黑名单</s>
<s id=6125>测试页面</s>
<s id=6126>测试页面</s>
<s id=6127>已拦截 %d 次</s>
<s id=6128>浏览器保护已拦截 %d 次</s>
<s id=6129>请选择目录（文件夹）：</s>
<s id=6130>需要重新启动计算机</s>
<s id=6131>立即重启</s>
<s id=6132>稍后重启</s>
<s id=6133>您输入的网址不正确，请重新输入</s>
<s id=6134><![CDATA[<EX>[危险]，已修复</EX>]]></s>
<s id=6135><![CDATA[<EX>已修复</EX>]]></s>
<s id=6136>hosts 文件...</s>
<s id=6137><![CDATA[安全项</EX> <URL>显示</URL>]]></s>
<s id=6138>%s</s>
<s id=6139>您已经设置%s作为默认浏览器</s>
<s id=6140>无效路径</s>
<s id=6141>设置浏览器标题无效(标题文字太长)</s>
<s id=6142>设置浏览器默认下载目录无效</s>
<s id=6143>设置浏览器缓存目录无效</s>
<s id=6144>设置浏览器收藏夹目录目录无效</s>
<s id=6145>设置%s作为默认浏览器失败！</s>

<s id=8000>正在查看  &lt;b&gt;&lt;c color=EC3535&gt;%s&lt;/c&gt;&lt;/b&gt; 软件详情</s>
<s id=8001>&lt;b&gt;%s&lt;/b&gt; (大小:%s   版本:%s)</s>
<s id=8002>以下是为您找到的  &lt;c color=BB0000&gt;%s&lt;/c&gt; 相关软件</s>
<s id=8003>未搜索到与 &lt;c color=BB0000&gt;%s&lt;/c&gt; 相关的软件，请更换搜索词重新搜索</s>
<s id=8004>正在查看  &lt;b&gt;&lt;c color=EC3535&gt;%s&lt;/c&gt;&lt;/b&gt;  软件详情</s>
<s id=8005>&lt;b&gt;%s&lt;/b&gt;</s>
<s id=8006>检测到  &lt;b&gt;&lt;c color=EC3535&gt;%s&lt;/c&gt;&lt;/b&gt;  含有以下残留项目，请选择要清除的项目:</s>
<s id=8007>清扫完成，共清扫 &lt;b&gt;&lt;c color=EC3535&gt;%d&lt;/c&gt;&lt;/b&gt; 个项目。</s>
<s id=8008>正在下载的软件共 &lt;b&gt;&lt;c color=EC3535&gt;%d&lt;/c&gt;&lt;/b&gt; 款，大小总计为 &lt;b&gt;&lt;c color=EC3535&gt;%s&lt;/c&gt;&lt;/b&gt; </s>
<s id=8009>已下载的软件共 &lt;b&gt;&lt;c color=EC3535&gt;%d&lt;/c&gt;&lt;/b&gt; 款，安装包总计 &lt;b&gt;&lt;c color=EC3535&gt;%s&lt;/c&gt;&lt;/b&gt; </s>
<s id=8010>已安装 &lt;b&gt;&lt;c color=EC3535&gt;%d&lt;/c&gt;&lt;/b&gt; 款软件，系统盘(%s盘)还有 &lt;b&gt;&lt;c color=EC3535&gt;%s&lt;/c&gt;&lt;/b&gt; 空间可用</s>
<s id=8011>以下是为您找到的  &lt;c color=BB0000&gt;%s&lt;/c&gt; 相关软件</s>
<s id=8012>正在下载的软件共 &lt;b&gt;&lt;c color=EC3535&gt;%d&lt;/c&gt;&lt;/b&gt; 款 </s>
<s id=8013>已下载的软件共 &lt;b&gt;&lt;c color=EC3535&gt;%d&lt;/c&gt;&lt;/b&gt; 款 </s>
<s id=8014>垃圾箱中的软件共 &lt;b&gt;&lt;c color=EC3535&gt;%d&lt;/c&gt;&lt;/b&gt; 款，大小总计为 &lt;b&gt;&lt;c color=EC3535&gt;%s&lt;/c&gt;&lt;/b&gt; </s>
<s id=8015>垃圾箱中的软件共 &lt;b&gt;&lt;c color=EC3535&gt;%d&lt;/c&gt;&lt;/b&gt; 款</s>
<s id=8016>请输入软件名称或者拼音查询软件...</s>
<s id=8017>装机必备</s>
<s id=8018>最新更新</s>
<s id=8019>全部</s>
<s id=8020>softmgr.dll 文件丢失，请重新安装</s>
<s id=8021>什么样的软件需要卸载？</s>
<s id=8022>举报无法彻底卸载的软件</s>
<s id=8023>残留项</s>
<s id=8024>目录</s>
<s id=8025>文件</s>
<s id=8026>残留安装%s: %s</s>
<s id=8027>残留注册表项: %s</s>
<s id=8028>今天</s>
<s id=8029>一个月以前</s>
<s id=8030>%d 天前</s>
<s id=8031>暂无简介</s>
<s id=8032>其他</s>
<s id=8033>正在更新软件信息，请稍候再试！</s>
<s id=8034>%d款软件正在下载 %.2f%% %s/s</s>
<s id=8035><![CDATA[查看详情>>]]></s>
<s id=8036>%d 款软件已暂停下载:%.1f%%</s>
<s id=8037>已下载 %d 款软件</s>
<s id=8038>下载管理</s>
<s id=8039>收费</s>
<s id=8040>免费</s>
<s id=8041>有插件</s>
<s id=8042>无插件</s>
<s id=8043>适合您当前系统(</s>
<s id=8044>不适合您当前系统(</s>
<s id=8045>路径"%s"不存在！</s>
<s id=8046>打开目录出错</s>
<s id=8047>此版本 %s：</s>
<s id=8048>
<![CDATA[

• 含有插件，安装时请根据需要选择]]>
</s>
<s id=8049>
<![CDATA[

• 为共享软件，您可能面临收费提示]]>
</s>
<s id=8050>
<![CDATA[

是否继续下载？]]>
</s>
<s id=8051>很抱歉，未搜索到与 "%s" 相关的软件，</s>
<s id=8052>请更换搜索词重新搜索，或查看金山推荐</s>
<s id=8053>请更换搜索词重新搜索</s>
<s id=8054>强力清扫</s>
<s id=8055>取消</s>
<s id=8056>
<![CDATA[发现软件有残留注册表及安装文件,

是否要强力清扫？]]>
</s>
<s id=8057>删除桌面图标</s>
<s id=8058>删除开始菜单</s>
<s id=8059><![CDATA[打开该程序安装目录>>]]></s>
<s id=8060>占磁盘空间从少到多</s>
<s id=8061>占磁盘空间从多到少</s>
<s id=8062>上次使用时间从近到远</s>
<s id=8063>上次使用时间从远到近</s>
<s id=8064>桌面图标</s>
<s id=8065>当前进程</s>
<s id=8066>快速启动</s>
<s id=8067>开始菜单</s>
<s id=8068>托盘图标</s>
<s id=8069>全部软件</s>
<s id=8070>目前有%d款软件正在下载，是否确定要退出？</s>
<s id=8071>开启实时保护</s>
<s id=8072>不开启</s>
<s id=8073>
<![CDATA[需要开启金山保护的实时保护功能，才能对软件上次使

用时间进行统计，您是否要开启]]>
</s>
<s id=8074>启动监控失败！</s>
<s id=8075>下载设置</s>
<s id=8076>软件安装</s>
<s id=8077>卸载设置</s>
<s id=8078>存储下载文件的路径长度不能超过200字符，请重新选择</s>
<s id=8079>此操作将删除下载安装包，是否删除？</s>
<s id=8080>正在下载</s>
<s id=8081>已下载</s>
<s id=8082>垃圾箱</s>
<s id=8083>目录文件</s>
<s id=8084>注册表项</s>
<s id=8085>正在安装</s>
<s id=8086>继续下载</s>
<s id=8087>暂停</s>
<s id=8088>正在安装</s>
<s id=8089>下载连接失败</s>
<s id=8090>正在连接下载服务器</s>
<s id=8091>暂停中</s>
<s id=8092>反馈</s>
<s id=8093>重试</s>
<s id=8094>收费</s>
<s id=8095>免费/</s>
<s id=8096>/有插件</s>
<s id=8097>有插件</s>
<s id=8098>/无插件</s>
<s id=8099>无插件</s>
<s id=8100>点击查看该软件简介及截图</s>
<s id=8101>正在加载，请稍候...</s>
<s id=8102>等待安装中</s>
<s id=8103>等待下载中</s>
<s id=8104>未完成</s>
<s id=8105>等待卸载中</s>
<s id=8106>正在卸载</s>
<s id=8107><![CDATA[查看详细>>]]></s>
<s id=8108><![CDATA[详情>>]]></s>
<s id=8109>！</s>
<s id=8110>特殊软件无法计算占用空间和上次使用时间</s>
<s id=8111>占用空间:正在计算...</s>
<s id=8112>占用空间:暂未计算</s>
<s id=8113>占用空间:</s>
<s id=8114>上次使用:暂未计算</s>
<s id=8115>特殊软件无法获取使用时间</s>
<s id=8116>上次使用:</s>
<s id=8117><![CDATA[删除桌面图标>>]]></s>
<s id=8118><![CDATA[删除开始菜单项>>]]></s>
<s id=8119>正在清理</s>
<s id=8120>无卸载项</s>
<s id=8121>发现有多个程序在清扫目录下，请进行手动清理！</s>
<s id=8122>共收录了%d款精品软件，并经过严格的安全检查，请放心下载安装。</s>
<s id=8123>加载软件管理模块失败，请重现安装此软件！a</s>
<s id=8124></s>
<s id=8125></s>
<s id=8126></s>
<s id=8127></s>
<s id="8128">&lt;b&gt;%s&lt;/b&gt; (大小:%s)</s>
  
<s id="10001">检测到  &lt;b&gt;&lt;c color=EC3535&gt;%s&lt;/c&gt;&lt;/b&gt;  含有以下残留项目，请选择要清除的项目:&lt;br/&gt;&lt;c color=EC3535&gt;(被删除的注册表项将无法恢复，请谨慎选择)&lt;/c&gt;</s>
<s id="10002">检测到  &lt;b&gt;&lt;c color=EC3535&gt;%s&lt;/c&gt;&lt;/b&gt;  个残留项，请选择要清除的项目:</s>
<s id="10003">检测到  &lt;b&gt;&lt;c color=EC3535&gt;%s&lt;/c&gt;&lt;/b&gt;  个残留项，请选择要清除的项目:&lt;br/&gt;&lt;c color=EC3535&gt;(被删除的注册表项将无法恢复，请谨慎选择)&lt;/c&gt;</s>
<s id="10004">残留安装文件: </s>
<s id="10005">发现  &lt;b&gt;&lt;c color=EC3535&gt;%d&lt;/c&gt;&lt;/b&gt;  个残留项，</s>
<s id="10006">立即清理</s>
</string>